"image","xmin","ymin","xmax","ymax","label"
"108875_de_geneeskracht_van_kweekgras.jpg",0.1583710407239819,21.221719457013574,140,77.28506787330316,"kweekgras"
"124.jpg",174.43596268023748,96.65158371040724,525.6488549618321,457.1945701357466,"brandnetel"
"1200px_Plantenschat1898_312_152_Groote_brandnetel.%E2%80%94Urtica_dioica.jpg",66.02112676056338,23.21945701357466,1151.9366197183099,1743.5701357466064,"brandnetel"
"127588_62860.jpg",140.32775020678247,47.13461538461538,999.7156741108354,721.076923076923,"kweekgras"
"1312888780a.jpg",1.751131221719457,2.1889140271493215,387,387,"kweekgras"
"1499000384_brandnetel.jpg",1.9261387711864406,5.276018099547511,283,424,"brandnetel"
"14b5241db908426e8520b70d0e78b5e8.jpg",31.953690303907358,17.606177606177607,559.8842257597684,312.74131274131275,"brandnetel"
"129cc0997571f5ddf0224ece2cef7589.jpg",10.262443438914026,17.592760180995473,1080,856.180995475113,"kweekgras"
"165571_1429867692bb.jpg",46.22748940677966,34.30995475113122,374.19359110169495,302.30882352941177,"kweekgras"
"1764aa9546825ef57a4ef854bd408d0a.jpg",9.12863070539419,61.164027149321264,440,743.0972850678733,"kweekgras"
"171400790_f7c0e99728_b.jpg",175.74226694915257,63.71040723981901,527.6609110169492,1024.0000000000002,"kweekgras"
"19166219520f986136138cb6678012c5.jpg",67.19457013574662,42.76018099547512,987.1493212669684,1036.0180995475114,"kweekgras"
"2012_07_27_101404.png",21.582637729549248,0,337.65025041736226,339.1266968325792,"brandnetel"
"220px_Cynodon_dactylon_2.jpg",5.455611861861862,2.47737556561086,180.86101726726724,129.31900452488688,"kweekgras"
"26122133511_thumb1.jpg",22.35495283018868,5.656108597285068,121.97759433962264,145.92760180995475,"kweekgras"
"207a93d62f751a60bdea5ae2932a3316.jpg",74.19423240033926,59.72850678733032,667.2391857506361,540.2714932126697,"kweekgras"
"20190322_220337.jpg",339.45543175487467,440.3857466063348,554.2520891364902,652.4864253393664,"kweekgras"
"20190322_220337.jpg",9.589136490250697,461.6809954751131,131.47771587743733,638.0056561085972,"kweekgras"
"266px_Illustration_Urtica_dioica0.jpg",5.670366575591985,5.8099547511312215,266,380.0678733031674,"brandnetel"
"266px_Urtica_dioica07_ies.jpg",65.54023166501486,4.480769230769231,203.41733771060453,230.36425339366517,"brandnetel"
"266px_Kweek_bloeiwijze_Elytrigia_repens.jpg",79.68451519536903,40.05638323643411,152.63241678726484,149,"kweekgras"
"266px_Kweek_Elytrigia_repens.jpg",7.133861940298507,25.41176470588235,263.6055037313433,310.8970588235294,"kweekgras"
"38122133511_thumb1.jpg",12.780958439355386,42.76018099547512,170.37213740458014,150,"kweekgras"
"405f11add7b64c3e933332c8bf58cea3.jpg",182.9232995658466,16.67953667953668,608.0463096960925,360,"brandnetel"
"4231oo156386794984.jpg",346.8325791855204,173.7556561085973,423.5294117647059,492.08144796380094,"kweekgras"
"4231oo156386794984.jpg",395.0226244343892,0,436.42533936651586,168.32579185520362,"kweekgras"
"4231oo156386794984.jpg",586.4253393665159,46.832579185520366,726.2443438914028,228.73303167420815,"kweekgras"
"4231oo156386794984.jpg",514.4796380090498,365.83710407239823,568.0995475113123,550.4524886877829,"kweekgras"
"4231oo156386794984.jpg",469.00452488687785,376.6968325791855,513.8009049773756,532.1266968325792,"kweekgras"
"4231oo156386794984.jpg",207.01357466063348,232.8054298642534,267.420814479638,416.0633484162896,"kweekgras"
"4231oo156386794984.jpg",268.0995475113122,201.58371040723983,317.6470588235294,424.2081447963801,"kweekgras"
"4231oo156386794984.jpg",131.67420814479638,2.0361990950226243,188.68778280542986,185.29411764705884,"kweekgras"
"3357_master.jpg",446.65632054176075,110.13122171945702,731.9836343115124,564.1968325791855,"brandnetel"
"3357_master.jpg",27.69469525959368,473.0226244343892,460.20033860045146,728.4909502262444,"brandnetel"
"3357_master.jpg",798.1941309255079,219.35972850678732,1182.5479683972912,752.8642533936651,"brandnetel"
"3924d648528f51fdc5c592d951e6a181.jpg",93.75,235.09615384615384,1237.5,931.7307692307692,"brandnetel"
"3924d648528f51fdc5c592d951e6a181.jpg",86.53846153846153,258.1730769230769,86.53846153846153,258.1730769230769,"brandnetel"
"47899fbb8e86426fb4b2da3f8259ee69.jpg",149.11722141823444,61.47683397683398,453.83502170766997,360,"kweekgras"
"5399_brandnetels_voorkomen_en_verwijderen_1500371052.jpg",467.1924746743849,6.178303006329114,765,349.99999999999994,"brandnetel"
"6._brandnetel_beeld_1110x600.jpg",187.14182344428363,0,914.8263386396527,600,"brandnetel"
"4573812339_277d0fa8bc_b.jpg",2.035623409669211,0.8687782805429864,1024,768,"kweekgras"
"7762d430eedd6fa1f167ff44962b11824424edb5.jpg",139.72540288379983,0.7126696832579185,280,110.2262443438914,"brandnetel"
"7762d430eedd6fa1f167ff44962b11824424edb5.jpg",0,0,127.85093299406277,79.34389140271493,"brandnetel"
"763.jpg",67.35600578871201,3.5008402688860434,708.3422575976847,426.033290653009,"brandnetel"
"831255_brandnetel_californische.jpg",58.54072398190045,0.2828054298642534,205.0339366515837,250,"brandnetel"
"8663_brandnetel_w992_h661.jpg",142.29163526752072,0.747737556561086,925.7249434815373,661,"brandnetel"
"9bee40c9982942dcbdeb83c78ec21247.jpg",276.46888567293774,0,398.72648335745293,359.85521235521236,"kweekgras"
"BRANDNETEL3.jpg",63.560220525869376,0.3393665158371041,400,300.00000000000006,"brandnetel"
"Brandnetel%20(2).jpg",5.849337923728814,5.769230769230769,453.99999999999994,312.3076923076923,"brandnetel"
"9x5y68wwg4ct.jpg",16.705894826123835,3.0882352941176467,272.48197625106025,210,"brandnetel"
"Brandnetel%20(9).jpg",116.51415094339622,16.03506787330317,729.1556603773585,507.99095022624437,"brandnetel"
"Brandnetel%20(8).jpg",3.5099987139917697,5.090497737556561,550,500,"brandnetel"
"Brandnetel%20als%20reiniger%20voor%20jezelf%20en%20voor%20de%20tuin.jpg",15.499276410998553,7.970804988662131,428.44428364688855,232.60572562358277,"brandnetel"
"Brandnetel_Peter_Westen_645x430.jpg",48.64253393665158,23.34841628959276,484.9660633484163,392.05882352941177,"brandnetel"
"Brandnetel.jpg",43.4335,3.3936651583710407,406.94283333333334,495.47511312217193,"brandnetel"
"Brandnetel2017%20(12).JPG",82.3528156996587,6.142533936651583,434.1616894197952,362,"brandnetel"
"Brandnetel__531_630.jpg",127.97233640939596,111.1764705882353,485.7736786912751,314.2873303167421,"brandnetel"
"Brandnetel__531_630.jpg",88.77099412751677,337.8054298642534,396.6797189597315,535.2149321266969,"brandnetel"
"Brandnetel_blog.jpg",26.977375565610863,17.16742081447964,809.9343891402715,482.52714932126696,"brandnetel"
"De_grote_brandnetel.jpg",550.506512301013,36.155601659751035,911.7221418234442,353.1957123098202,"brandnetel"
"De_grote_brandnetel.jpg",282.1997105643994,8.36030428769018,676.410998552822,299.34232365145226,"brandnetel"
"De_grote_brandnetel.jpg",50.36179450072359,166.44605809128632,302.17076700434154,479.143153526971,"brandnetel"
"De_grote_brandnetel.jpg",320.4052098408104,377.51659751037346,541.8234442836468,620.725449515906,"brandnetel"
"De_grote_brandnetel.jpg",477.56874095513746,314.9771784232365,775.3979739507959,528.6535269709543,"brandnetel"
"De_grote_brandnetel.jpg",951.6642547033284,29.206777316735824,1180.8972503617945,353.19571230982024,"brandnetel"
"De_grote_brandnetel.jpg",676.410998552822,366.22475795297373,1039.3632416787264,619.856846473029,"brandnetel"
"CouchGrass_teaser.jpg",16.723981900452486,3.1357466063348416,307.3031674208145,304.16742081447967,"kweekgras"
"DSC02800.JPG",719.7201017811705,591.8552036199095,1600,1200,"kweekgras"
"DSC02800.JPG",517.5148430873621,244.34389140271495,1599.9999999999998,631.2217194570136,"kweekgras"
"Brandnetel_jonge_toppen_by_Geral_Overbeek_2_.jpg",366.7620865139949,76.35746606334841,941.8256997455471,504.9773755656108,"brandnetel"
"Elymus_repens_06_kweekgras4_G6.jpg",81.4530753968254,0,449.7555555555556,762.7873303167422,"kweekgras"
"De_kleine_brandnetel.jpg",239.65267727930535,54.39626556016598,989.8697539797395,541.6825726141079,"brandnetel"
"Elytrigia_20atherica_2044_52_20Strandkweek_001606.jpg",95.81447963800905,18.105203619909503,800,837.6674208144796,"kweekgras"
"Gratis_2_planten_in_de_tuin_kweekgras_79926.jpeg",76.39363241678727,2.708333333333333,408.99421128798843,197.6632882882883,"kweekgras"
"Kweek_kweekgras_elytrigia_repens_0001.jpg",9.096153846153847,2.1153846153846154,177.69230769230768,187,"kweekgras"
"Grote_brandnetel.jpg",79.23299565846598,25.995399746192895,407.7424023154848,257.8291560913706,"brandnetel"
"Kweekgras_20(4).jpg",60.699095022624434,40.76470588235294,181.20135746606337,384.3529411764706,"kweekgras"
"Kweekgras_20(4).jpg",186.3529411764706,0,270.79411764705884,343.5882352941177,"kweekgras"
"Kweekgras_Bec.jpg",63.380090497737555,12.990950226244344,214.94117647058823,284.22624434389144,"kweekgras"
"Kweekgras_20(2).JPG",0.42908827785817655,45.507228576030926,275.4746743849493,289.67862032860825,"kweekgras"
"LAND2579_768x509.jpg",392.59070464767615,245.28733031674207,536.5187406296851,467.54298642533934,"brandnetel"
"LAND2579_768x509.jpg",65.01049475262369,106.52149321266967,298.17391304347825,337.98981900452486,"brandnetel"
"V_brandnetel4.jpg",47.64705882352941,4.276018099547512,465.47511312217193,540,"brandnetel"
"NK%20brandnetel%20klein.jpg",152.69173121816638,116.8529411764706,225.81567009762307,181.94343891402715,"brandnetel"
"Urtica%20urens%2089_1%20Kleine%20brandnetel_001199.jpg",29.44947209653092,37.417420814479634,800,1046.480769230769,"brandnetel"
"Urtica_dioica_L._brandnetel_102390094.jpg",25.04578324567994,35.678733031674206,473.95637678437265,280.9230769230769,"brandnetel"
"Urticadioicabloei07.jpg",200.92960135708228,66.89592760180996,408.50890585241734,653.3212669683257,"brandnetel"
"Urticadioicabloei07.jpg",612.6140797285835,153.7737556561086,847.9864291772689,666.3529411764706,"brandnetel"
"bloeiende_brandnetel.jpg",65.15837104072398,26.979638009049772,210.23755656108597,212.78280542986425,"brandnetel"
"bloem1_g.jpg",80.13283018867924,15.452488687782806,702.2611320754717,683,"brandnetel"
"brandnetel%20(4).jpg",2.002462121212121,12.647058823529413,194,240.29411764705884,"brandnetel"
"brandnetel%20(3).jpg",189.09117221418234,13.174384949348768,714,357,"brandnetel"
"bloem4_g.jpg",11.589482612383376,200.68778280542986,1024,597.7194570135747,"kweekgras"
"brandnetel%20(1).jpg",19.63793469041561,126.77036199095024,586.5251272264632,460.26583710407243,"brandnetel"
"brandnetel%20(7).jpg",165.76528301886793,49.38235294117647,293.91018867924527,174.19117647058823,"brandnetel"
"brandnetel%20(7).jpg",316.90188679245284,80.16176470588236,448,204.29411764705884,"brandnetel"
"brandnetel%20(7).jpg",50.13056603773585,24.35294117647059,161.03169811320757,142.73529411764707,"brandnetel"
"brandnetel%20(5).jpg",17.810916385135137,30.760180995475114,552,359.8009049773756,"brandnetel"
"brandnetel%20(6).jpg",70.40394402035624,9.671945701357465,577.7830788804072,389.93212669683254,"brandnetel"
"brandnetel.png",6.334841628959276,67.87330316742081,399.5475113122172,314.9321266968326,"brandnetel"
"brandnetel.jpeg",70.85820693391116,124.07239819004525,1432,1225.214932126697,"brandnetel"
"brandnetel2.jpg",128.29516539440203,147.69230769230768,450.7379134860051,387.6923076923076,"brandnetel"
"brandnetel1.png",67.970737913486,44.11764705882353,351.94020356234097,203.95927601809956,"brandnetel"
"brandnetel5.jpg",1285.5114503816794,697.8461538461538,1731.2315521628498,2237.5384615384614,"brandnetel"
"brandnetel4.jpg",400.61538461538464,1188.923076923077,961.8461538461539,2532.923076923077,"brandnetel"
"brandnetelgr_120630_517_256x300.jpg",65.59151193633951,14.93212669683258,198.3448275862069,207.01357466063348,"brandnetel"
"brandnetel_800x534.jpg",545.7326283987915,9.665158371040723,724.584592145015,289.9547511312217,"brandnetel"
"brandnetel_800x534.jpg",221.26132930513594,66.44796380090497,510.6873111782477,516.4819004524886,"brandnetel"
"brandnetel_met_bloem_by_Geral_Overbeek_1024x683.jpg",115.68301886792452,51.7658371040724,438.726037735849,489.07126696832586,"brandnetel"
"brandnetel_klein_bestand.jpg",58.8219279661017,450.606334841629,285.716843220339,786.5339366515839,"brandnetel"
"brandnetel_sliderfoto_760x570px.jpg",305.7686598812553,125.73529411764707,486.2606022052587,305.6334841628959,"brandnetel"
"brandnetels_web_495x400.jpg",110.84759197897624,103.61990950226244,419.4307729661792,392.7601809954751,"brandnetel"
"brandnetellls_1024x292.jpg",606.1013024602025,10.410374365482234,1023.9999999999999,292,"brandnetel"
"brandnetels.jpg",53.20610687022901,23.619909502262445,672.0356234096691,535.1131221719457,"brandnetel"
"brennesle.jpg",3.907380607814761,81.982421875,598.6107091172214,324.951171875,"brandnetel"
"csm_Brennnessel_42e999388e.jpg",80.98133886255924,4.734162895927602,236.59176540284358,275.52828054298647,"brandnetel"
"distel_001.jpg",35.039322129909365,10.039592760180996,220.27497167673715,340.5429864253394,"distel"
"distel_003.jpg",454.85581000848174,23.755656108597286,769.6988973706531,330.5429864253394,"distel"
"distel_003.jpg",21.26802374893978,114.02714932126698,182.76081424936385,313.5746606334842,"distel"
"distel_002.png",4.1199604197349045,98.99095022624434,513,624.9276018099547,"distel"
"distel_006.jpg",154.5586107091172,71.00733159117306,797.9739507959478,624.4057055749129,"distel"
"distel_005.jpg",75.55131467345207,66.5158371040724,743.2357930449533,600,"distel"
"distel_004.png",112.67228403141362,80.40610859728507,419.20631544502623,508.61538461538464,"distel"
"distel_007.png",16.709328782707622,18.20814479638009,500,428.460407239819,"distel"
"distel_010.jpg",17.359563821752264,59.4343891402715,210.63146714501508,309.62104072398193,"distel"
"distel_009.jpg",278.88835877862596,35.12443438914027,644.537213740458,312.302036199095,"distel"
"distel_011.png",465.69030390738067,51.33680555555556,547.3806078147613,179.11458333333334,"distel"
"distel_012.jpg",207.01357466063348,65.83710407239819,697.737556561086,557.9185520361991,"distel"
"distel_011.jpg",456.9020356234097,475.1131221719457,1016.6984732824428,1070.7013574660634,"haagwinde"
"distel_011.jpg",1074.3744698897372,789.027149321267,1552.7459711620018,1454.185520361991,"haagwinde"
"distel_011.jpg",1099.8197625106022,480.20361990950227,1408.555979643766,885.7466063348415,"haagwinde"
"distel_016.jpg",67.28408128704487,127.38914027149322,186.50508044030482,273.75113122171945,"distel"
"distel_016.jpg",576.6828958509738,220.89819004524887,762.2883149872989,463.4796380090498,"distel"
"distel_016.jpg",307.0808636748518,107.73868778280544,555.6837425910245,432.98755656108597,"distel"
"distel_016.jpg",212.24597798475867,4.743212669683258,540.1037256562236,180.91968325791856,"kweekgras"
"distel_014.jpg",131.26126126126127,57.64705882352941,377.7477477477478,340.8382352941176,"distel"
"distel_014.jpg",652.3423423423424,221.22058823529412,941.3513513513514,505.13235294117646,"distel"
"distel_013.jpg",195.75910931174087,109.80429864253394,567.9048582995952,480.02941176470586,"distel"
"distel_013.jpg",640.7793522267206,71.90723981900453,1010.9817813765181,450.8778280542986,"distel"
"distel_017.jpg",1.0327280405405406,2.7149321266968327,435.6273226351351,353.84615384615387,"distel"
"distel_015.jpg",206.36927480916032,162.64140271493213,391.8654580152672,358.1165158371041,"distel"
"distel_015.jpg",465.91125954198475,101.55542986425338,717.8196564885496,345.8993212669683,"distel"
"distel_019.jpg",6.0563961485557085,182.44343891402715,289.4346629986245,503.3484162895928,"distel"
"distel_019.jpg",247.9050894085282,12.217194570135746,487.31086657496564,206.06334841628959,"distel"
"distel_019.jpg",361.0935350756534,467.5113122171946,592,720,"distel"
"distel_022.jpg",100.89906700593724,36.05429864253394,240.73282442748092,167.6742081447964,"distel"
"distel_022.jpg",245.9440203562341,103.38461538461539,369.70992366412213,242.82352941176472,"distel"
"distel_022.jpg",76.58015267175573,185.4841628959276,215.9796437659033,328.39819004524884,"distel"
"distel_018.jpg",210.42389923793394,26.264705882352942,476.4357535986452,344.2352941176471,"distel"
"distel_021.jpg",367.6256603773585,225.60633484162898,690.668679245283,506.841628959276,"distel"
"distel_020.jpg",361.53846153846155,211.53846153846155,913.4615384615385,905.7692307692308,"distel"
"distel_020.jpg",834.6153846153846,684.6153846153846,1342.3076923076926,1201.9230769230771,"distel"
"distel_025.jpg",67.46301020408163,50.678733031674206,231.91028911564626,223.69909502262442,"distel"
"distel_023.jpg",186.06334841628959,20.271493212669682,684.8868778280543,491.5837104072398,"distel"
"distel_024.jpg",158.7454326923077,16.21719457013575,597.8023557692308,538.6425339366517,"distel"
"distel_027.jpg",62.659033078880405,16.289592760180994,674.0245971162001,419.45701357466066,"distel"
"distel_026.jpg",413.1787330316742,98.41628959276018,1456.7307692307693,1119.9095022624433,"distel"
"distel_030.jpg",35.03932212990936,63.04864253393666,266,299.1798642533937,"distel"
"distel_032.jpg",297.5565610859728,168.68778280542986,684.1628959276018,516.1990950226244,"distel"
"distel_031.jpg",344.1359186746988,73.21153846153847,802.2684487951808,517,"distel"
"distel_029.jpg",305.91479846014494,0,1657.095957880435,1500,"distel"
"distel_035.jpg",377.67727930535455,25.504336349924586,642.315484804631,255.14234539969834,"distel"
"distel_037.jpg",220.02262443438914,270.36199095022624,660.0678733031674,651.5837104072398,"distel"
"distel_036.jpg",255.14401355421685,117.93665158371041,644.0958207831325,415.84954751131227,"distel"
"distel_033.jpg",486.53846153846155,113.46153846153847,1523.0769230769233,1126.923076923077,"distel"
"distel_034.jpg",332.315233785822,74.83484162895927,661.7269984917043,364.5180995475113,"distel"
"distel_034.jpg",337.1417797888386,403.14253393665155,619.4947209653092,729.0361990950225,"distel"
"distel_034.jpg",7.730015082956259,554.0192307692307,276.8099547511312,805.0780542986424,"distel"
"distel_038.jpg",873.0769230769231,257.6923076923077,1526.923076923077,903.8461538461538,"distel"
"distel_038.jpg",286.53846153846155,538.4615384615385,1038.4615384615386,1246.1538461538462,"distel"
"distel_041.jpg",112.19206204379562,15.322398190045249,538.4694343065694,547.9581447963801,"distel"
"distel_040.jpg",178.46692111959288,16.289592760180994,1129.1030534351146,882.6923076923076,"distel"
"distel_042.jpg",549.1043256997456,265.8461538461538,2880.1374045801526,1971.6923076923076,"distel"
"distel_043.jpg",35.91628959276018,49.490950226244344,216.91176470588232,201.9230769230769,"distel"
"distel_044.jpg",326.5918958031838,94.5794030343008,515.4124457308249,343.56357189973613,"distel"
"distel_044.jpg",135.31114327062227,10.969904353562006,311.21562952243124,248.88811015831135,"distel"
"distel_047.jpg",287.420814479638,13.755656108597284,663.1674208144796,477.10407239819006,"distel"
"distel_047.jpg",5.067873303167421,303.34841628959276,449.59276018099547,568.3257918552035,"distel"
"distel_045.jpg",130.12198568198946,48.970588235294116,460.94338733986433,397.03846153846155,"distel"
"distel_045.jpg",539.3156556141673,226.77149321266967,765.3895064054258,523.6085972850678,"distel"
"distel_048.jpg",185.7933687876506,37.42760180995475,311.5087302334337,207.16968325791856,"distel"
"distel_048.jpg",119.3777061370482,64.57579185520362,187.37469408885542,150.23755656108597,"distel"
"distel_052.jpg",151.3595394736842,75.71493212669684,610.1595394736842,456.9004524886878,"distel"
"distel_051.jpg",54.84596530920061,211.71266968325793,228.07070135746608,348.5656108597285,"distel"
"distel_051.jpg",245.04204374057318,201.18552036199097,388,379.56221719457017,"distel"
"distel_051.jpg",165.45230015082956,9.942307692307693,326.38744343891403,156.73755656108597,"distel"
"distel_049.jpg",118.9010574018127,4.530542986425339,1024.3391238670695,703.1402714932126,"distel"
"distel_050.jpg",142.48182913557216,1011.5158371040724,792.9669037624379,1683.4513574660632,"distel"
"distel_050.jpg",1082.0713813743782,816.4377828054298,1886.745510727612,1707.535067873303,"distel"
"distel_053.jpg",38.0318164652568,11.821266968325792,380.95024546827796,419.9660633484163,"distel"
"distel_057.jpg",275.4320060105184,142.4502262443439,971.4500375657401,672.5814479638009,"distel"
"distel_055.jpg",88.09154249448123,40.949095022624434,641.2924254966887,624.2805429864253,"distel"
"distel_056.jpg",90.0563455008489,55.03846153846154,465.15311969439733,590.8846153846155,"distel"
"distel_062.jpg",16.742081447963802,28.88009049773756,302.19457013574663,319.3552036199095,"distel"
"distel_063.jpg",9.816459760273974,20.02941176470588,444.9191994863014,425.2398190045248,"distel"
"distel_059.jpg",63.864942528735625,49.420814479638004,1193.7499999999998,990.7149321266968,"distel"
"distel_060.jpg",114.23989301801801,36.53846153846154,971.6849380630631,671.1538461538462,"distel"
"distel_061.jpg",0.5971162001696353,173.7556561085973,1633.4385072094997,1476.9230769230771,"distel"
"distel_064.jpg",64.57803223070398,33.93665158371041,328.530534351145,237.55656108597287,"distel"
"distel_066.jpg",8.926957831325302,0,288.20406626506025,198.0610859728507,"distel"
"distel_067.jpg",51.50301395939086,162.0814479638009,480.99999999999994,617.3755656108598,"distel"
"distel_068.jpg",111.95719254937163,17.365384615384617,254.95539721723517,141.75,"distel"
"distel_065.jpg",98.1765557163531,8.232060185185185,967.8726483357452,636.9357638888889,"distel"
"distel_072.jpg",255.75906344410876,25.3710407239819,1013.4629909365559,603.4683257918551,"distel"
"distel_073.jpg",325.7831998089983,153.30316742081448,603.5989892826825,518.6425339366516,"distel"
"distel_073.jpg",325.7831998089983,605.2488687782806,587.6669009974532,880,"distel"
"distel_073.jpg",817.6864256154499,180.18099547511312,1029.7823509125637,466.8778280542987,"distel"
"distel_073.jpg",14.111722729202038,41.80995475113122,209.27980422325976,321.53846153846155,"distel"
"distel_070.jpg",171.57760574018127,261.2647058823529,3434.870657099698,2431.77149321267,"distel"
"distel_069.jpeg",281.09243697478996,467.87104072398193,1356.7226890756303,1465.45814479638,"distel"
"distel_077.jpg",121.44796380090497,44.34389140271493,177.55656108597285,124.34389140271493,"distel"
"distel_078.jpg",18.486352848101266,78.38235294117648,226.18255537974682,283.38235294117646,"distel"
"distel_074.jpg",69.77199773413898,15.554298642533936,358.54541163141994,329.12895927601807,"distel"
"distel_075.jpg",224.5999030067895,62.85746606334842,752.2429679922406,594.4298642533937,"distel"
"distel_076.jpg",499.7794741306191,157.46606334841627,741.882951653944,402.89592760180994,"distel"
"distel_082.jpg",60.27149321266968,48.86877828054298,179.72850678733033,246.15384615384613,"distel"
"distel_079.jpg",11.69683257918552,22.861990950226243,470,334.9547511312217,"distel"
"distel_080.jpg",257.82805429864254,81.6289592760181,515.158371040724,320.54298642533934,"distel"
"distel_083.jpg",390.5692166289593,208.78846153846155,1274.963786764706,1115.8778280542988,"distel"
"distel_085.jpg",263.32272069464545,14.454904612756266,708,408.07677249430526,"distel"
"distel_087.jpg",321.53117935192165,2.260180995475113,770.6645629238885,640.3846153846154,"distel"
"distel_088.jpg",224.21805792163545,129.0814479638009,866.1805792163544,1325.7013574660634,"distel"
"distel_092.jpg",5.656108597285068,15.158371040723981,176.2443438914027,181.22171945701356,"distel"
"distel_093.jpg",197.16346153846152,310.54072398190044,533.5737179487179,613.9072398190044,"distel"
"distel_093.jpg",144.85576923076923,15.373303167420813,362.29166666666663,278.7692307692308,"distel"
"distel_091.jpg",87.08386344359627,68.72171945701358,378.0083757421544,358.88009049773757,"distel"
"distel_089.jpg",1793.8804511278197,447.96380090497735,3181.405263157895,2365.3846153846152,"distel"
"distel_089.jpg",620.0819548872181,403.8461538461538,1790.4879699248122,1992.0814479638009,"distel"
"distel_096.jpeg",27.20918251811594,17.615384615384617,275.6457767210145,187.8110859728507,"distel"
"distel_097.jpg",110.38167938931296,15.203619909502262,574.5038167938931,298.64253393665155,"distel"
"distel_098.jpg",1141.092397718332,267.54638009049773,2313.6777635719905,1683.6504524886877,"distel"
"distel_098.jpg",2370.4157651455544,762.1018099547512,3248.5038847364276,1689.0554298642535,"distel"
"distel_100.jpg",172.66968325791854,142.62443438914028,597.6470588235294,512.579185520362,"distel"
"distel_102.jpg",134.5843935538592,9.502262443438914,766.9847328244274,502.94117647058823,"distel"
"distel_103.jpg",64.37047756874095,46.18725868725869,495.05065123010127,314.44980694980694,"distel"
"distel_106.jpg",93.96872485921159,35.1131221719457,343.4055711987128,246.51583710407238,"distel"
"distel_104.jpg",113.43820541760724,69.86538461538461,666.3050225733635,448.54751131221724,"distel"
"distel_107.jpg",142.77595811051694,373.7556561085973,508,694.1176470588235,"distel"
"distel_108.jpg",602.3755656108597,437.78280542986425,1135.180995475113,996.0407239819006,"distel"
"distel_105.jpg",119.61610486891387,142.28506787330318,969.803370786517,629.0497737556561,"distel"
"distel_111.JPG",109.0411671368124,15.920814479638008,228.66316995768688,164.34389140271492,"distel"
"distel_111.JPG",207.61380465444287,184.88687782805428,306.1864421720733,280.4117647058823,"distel"
"distel_109.jpg",248.38497740963854,71.25339366515837,681.5777484939758,421.3778280542987,"distel"
"distel_110.jpg",206.39423076923075,327.96380090497735,501.7788461538461,623.131221719457,"distel"
"distel_110.jpg",167.41987179487177,31.771493212669682,343.8301282051282,249.04751131221718,"distel"
"distel_112.jpg",338.35305343511453,134.89140271493213,2932.5040288379982,2747.524886877828,"distel"
"distel_119.jpg",74.6086563032368,185.2941176470588,390.5268845826235,466.7647058823529,"distel"
"distel_117.jpg",81.4306338028169,16.21719457013575,823,969.556561085973,"distel"
"distel_122.jpg",270.24074172325976,127.42081447963803,1204.1881101443123,1292.742081447964,"distel"
"distel_124.jpg",274.2099544701987,268.8009049773756,1241.2298220198677,1859.4117647058824,"distel"
"distel_121.png",38.650506512301014,198.60680190930788,495.58538350217077,595.5519093078758,"distel"
"distel_121.png",500.73878437047756,43.093675417661096,825.4030390738061,296.5542959427207,"distel"
"distel_121.png",760.9855282199711,101.51849642004773,1125.1591895803185,604.1437947494034,"distel"
"distel_125.jpg",152.07681847269626,19.547511312217196,463.8362041382253,430.0452488687783,"distel"
"distel_126.jpg",129.63581424936388,80.17533936651584,478.74522900763355,407.4095022624435,"distel"
"distel_129.jpg",25.88435913705584,90.49773755656109,262.1533946700508,424.4343891402715,"distel"
"distel_134.jpg",127.1348600508906,57.990950226244344,280.2137404580153,206.2262443438914,"distel"
"distel_130.jpg",20.27232142857143,46.15384615384615,798,985.5203619909503,"distel"
"distel_131.jpg",66.03861003861005,18.186651583710407,417.9150579150579,357.4072398190045,"distel"
"distel_133.jpg",104.58925495262704,113.1108597285068,1192.9613479758827,939.60407239819,"distel"
"distel_138.jpg",124.78371501272264,72.10859728506787,453.95759117896523,308.8506787330317,"distel"
"distel_139.jpg",32.42407481898633,21.71945701357466,422.68956154465,252.30769230769232,"distel"
"distel_137.jpg",6.607771381578948,23.16176470588235,379.08671875,371.61764705882354,"distel"
"distel_140.jpg",16.289592760180994,18.099547511312217,797.2850678733032,674.2081447963801,"distel"
"distel_145.jpg",118.64253393665159,32.39253393665158,224.40610859728508,267.7262443438914,"distel"
"distel_144.jpg",101.95135746606334,13.865384615384615,556.2466063348417,698.9785067873304,"distel"
"distel_142.jpg",472.9183841714757,274.3529411764706,951.7312448474856,902.1990950226244,"distel"
"distel_142.jpg",1136.3973619126134,164.87556561085972,1576.9579554822753,759.7466063348415,"distel"
"distel_141.jpg",358.9905933429812,35.92256736526946,864.9963820549928,508.4507110778443,"distel"
"distel_141.jpg",58.806078147612155,37.29023203592814,283.773516642547,436.64831586826347,"distel"
"distel_147.jpg",275.72793053545587,153.1278409090909,1004.179450072359,689,"distel"
"distel_149.jpg",57.62171331636981,110.33484162895928,711.6268023748939,667.2217194570137,"distel"
"distel_148.jpg",19.835304054054053,78.28506787330318,649.1145833333334,830.4162895927602,"distel"
"distel_146.jpg",381.1894806338029,355.97171945701353,1842.5011003521126,2933.6979638009047,"distel"
"distel_150.jpg",520.5481418918919,337.2669683257919,1466.2778716216217,1528.6515837104073,"distel"
"distel_151.jpg",102.35294117647058,18.46153846153846,319.0045248868778,250.8597285067873,"distel"
"distel_155.jpg",21.80043579931973,22.80542986425339,279.50961947278915,190.0452488687783,"distel"
"distel_154.jpg",375.92239185750634,113.00904977375565,987.6272264631043,690.2714932126697,"distel"
"distel_152.jpg",167.54843867569602,106.06900452488688,822.9284236267871,531.0972850678733,"distel"
"distel_160.jpg",3.3645833333333335,20.58823529411765,173.45982142857144,179.18552036199097,"distel"
"distel_160.jpg",195.17410714285714,6.108597285067873,266,107.01357466063348,"distel"
"distel_161.jpg",55.31674208144797,32.57918552036199,412.33031674208144,251.13122171945702,"distel"
"distel_164.jpg",269.5224312590449,8.761158021712907,654.3560057887121,368.6743063932449,"distel"
"distel_168.jpg",416.83848797250863,96.76018099547512,1082.13058419244,731.1990950226245,"distel"
"distel_167.JPG",364.734327936747,39.536199095022624,613.0024002259036,314.18099547511315,"distel"
"distel_170.jpg",103.83211989409986,54.94117647058824,640.2678233736763,716.3484162895928,"distel"
"distel_166.jpg",1501.4503816793892,390.46153846153845,2370.743002544529,1320.923076923077,"distel"
"distel_175.jpg",114.40819931773879,105.7997737556561,314.7005969785575,322.76244343891403,"distel"
"distel_173.jpg",105.49618320610686,60.81447963800905,608.1594571670907,373.0316742081448,"distel"
"distel_174.jpg",99.1027496382055,26.727799227799228,553.4008683068017,267.6544401544402,"distel"
"distel_178.jpg",21.83833092485549,13.846153846153847,266,252.6923076923077,"distel"
"distel_179.jpg",69.79548487544484,148.33710407239818,211.84708629893237,326.9796380090497,"distel"
"distel_180.jpg",574.0203562340967,412.6153846153846,3234.498727735369,1968.923076923077,"distel"
"distel_183.jpg",6.744269949066214,107.95927601809954,274.3351018675722,403.48416289592757,"distel"
"distel_185.jpg",13.350476694915255,52.386877828054295,262.9165783898305,287.1753393665158,"distel"
"distel_181.jpg",47.602127259036145,57.671945701357465,583.3551393072289,523.0248868778281,"distel"
"distel_189.jpg",32.61519451530612,112.41176470588235,196.00805165816325,289.0588235294117,"distel"
"distel_190.jpg",452.68833979939444,220.62217194570135,1029.285614591219,826.4932126696832,"distel"
"distel_187.jpeg",192.86684782608697,160.8495475113122,942.1422101449276,1091.1685520361991,"distel"
"distel_193.jpg",2.0769230769230766,29.076923076923077,537.9230769230769,519.2307692307692,"distel"
"distel_192.jpg",34.550941478076375,254.85859728506787,1043.6513658062233,1272.6696832579187,"distel"
"distel_194.jpg",247.3076561324304,88.01470588235294,853.7786869826937,570.2149321266968,"distel"
"distel_191.jpg",97.4026747881356,266.9683257918552,1269.4874205508474,1592.7601809954751,"distel"
"distel_196.jpg",44.48384831460674,19.552036199095024,228.19171348314606,240.35520361990953,"distel"
"distel_197.jpg",38.0318164652568,65.9502262443439,130.76293429003022,171.71945701357467,"distel"
"distel_198.jpg",195.9841628959276,137.44343891402715,1668.834841628959,1342.1945701357465,"distel"
"distel_204.jpg",32.918552036199095,15.610859728506789,421.1538461538462,288.8009049773756,"distel"
"distel_203.jpg",56.67990748189863,38.3710407239819,414.00090506838296,278.3710407239819,"distel"
"distel_205.jpg",24.741265113798008,10.633484162895927,125.61466482930298,154.52488687782807,"distel"
"distel_202.jpg",280.0810419681621,254.4150579150579,1350.3907380607814,1247.6814671814673,"distel"
"distel_208.jpg",192.96603773584906,94.26018099547511,699.1698113207547,573.2873303167421,"distel"
"distel_209.jpg",168.9565868263473,267.14932126696834,370.9206586826347,505.7918552036199,"distel"
"distel_206.jpg",128.93312597200622,12.7420814479638,439.4774494556765,450.75113122171945,"distel"
"distel_207.jpg",121.26696832579185,117.6470588235294,487.7828054298642,505.88235294117646,"distel"
"distel_211.jpg",367.0369854607251,191.6108597285068,734.0498253398791,483.6628959276018,"distel"
"distel_213.jpg",34.17194570135747,25.484162895927604,752.3619909502263,983.4570135746608,"distel"
"distel_215.jpg",31.437217194570138,59.65384615384616,388,490.0972850678734,"distel"
"distel_216.jpg",52.631578947368425,107.32466063348416,250,314.3382352941176,"distel"
"distel_220.JPG",46.69189010574018,40.96153846153846,257.24173904833833,309.21945701357464,"distel"
"distel_227.jpg",100.89806241426612,62.69230769230769,486.8706275720165,544.316742081448,"distel"
"distel_229.jpg",55.01272264631043,28.778280542986423,611.4164546225614,345.8823529411764,"distel"
"distel_236.jpg",311.764705882353,110.29411764705883,1054.4117647058824,1029.4117647058824,"distel"
"distel_232.jpg",47.336753731343286,43.00452488687783,542.5606343283582,671.9457013574661,"distel"
"distel_239.jpg",30.6109693877551,29.29864253393665,212.88988095238093,263.68778280542983,"distel"
"distel_240.jpg",222.11620016963528,47.51131221719457,618.384223918575,554.5248868778281,"distel"
"distel_238.jpg",29.60413080895008,94.7556561085973,1181.824440619621,851.6990950226245,"distel"
"distel_241.jpg",88.88888888888889,26.063348416289593,556.1594571670907,450.89592760181,"distel"
"distel_242.jpg",54.79917711598746,141.71945701357467,464.767829153605,703.710407239819,"distel"
"distel_246.jpg",31.01655348047538,69.90950226244344,369.2168930390492,515.8371040723982,"distel"
"distel_244.jpg",374.5808906959153,153.20361990950227,664.7662159606657,530.0226244343892,"distel"
"distel_243.jpg",316.31221719457017,50.14705882352941,765.3212669683259,591.7352941176471,"distel"
"distel_245.jpg",66.59740691489361,54.23076923076923,368.19315159574467,398.2239819004525,"distel"
"distel_247.jpg",62.57654138513514,2.5339366515837103,124.90762246621622,69.42986425339366,"distel"
"distel_247.jpg",167.7285684121622,33.70135746606335,227.01910895270274,121.88235294117646,"distel"
"distel_248.jpg",281.0341591591592,99.71266968325791,508.0611861861862,354.4004524886878,"distel"
"distel_249.jpg",11.681673728813559,13.981900452488688,69.47828389830508,90.88235294117648,"distel"
"distel_251.jpg",119.07878787878788,16.850678733031675,799.9722943722944,667.8190045248869,"distel"
"distel_253.jpg",46.652903469079945,170.18891402714934,208.75848416289594,357.3382352941177,"distel"
"distel_252.jpg",229.63449111470112,35.869909502262445,999.2629240710824,795.9242081447964,"distel"
"distel_256.jpeg",573.036253776435,298.4117647058823,1171.2235649546828,817.9140271493212,"distel"
"distel_255.jpg",138.29185520361992,278.28054298642536,898.472850678733,1033.3710407239819,"distel"
"distel_258.jpg",25.248868778280542,102.62443438914026,324.4343891402715,389.3212669683258,"distel"
"distel_257.jpg",274.74767816527674,32.363122171945705,657.9167456406369,421.7816742081448,"distel"
"distel_261.jpg",180.81447963800906,38.67420814479638,433.4524886877828,354.09502262443436,"distel"
"distel_266.jpg",66.38071185800604,7.228506787330317,202.9970260574018,155.01131221719456,"distel"
"distel_262.jpg",383.1227799227799,100.42194570135746,896.3088803088804,635.7420814479638,"distel"
"distel_263.jpg",385.757618510158,39.11764705882353,726.6154063205418,415.24886877828055,"distel"
"distel_271.jpg",18.461538461538463,76.01809954751131,205.24886877828055,311.45701357466066,"distel"
"distel_267.jpg",95.9954294217687,52.7420814479638,401.26753826530614,496.79638009049773,"distel"
"distel_269.jpg",123.4375,17.16742081447964,375.5847392638037,258.12443438914033,"distel"
"distel_270.jpg",527.3501636402027,430.079185520362,1107,1050.8891402714933,"distel"
"distel_274.jpg",33.671945701357465,6.570135746606335,349.03846153846155,272.66063348416293,"distel"
"distel_272.jpg",168.08312128922816,32.30769230769231,318.5564037319763,253.14027149321265,"distel"
"distel_276.jpg",261.18668596237336,6.341698841698842,544.602026049204,348.27220077220073,"distel"
"distel_273.jpg",57.339366515837106,267.58371040723983,621.4660633484164,799.2760180995476,"distel"
"distel_279.jpg",177.03619909502262,87.66968325791855,544.1176470588235,432.12669683257917,"distel"
"distel_278.jpg",356.7873303167421,181.4027149321267,769.4570135746607,654.2533936651585,"distel"
"distel_277.jpg",111.74575671852901,112.05882352941177,554.8122347949081,607.0588235294117,"distel"
"f0fe0eee3dd6e72be5c07c4d0ba62736.jpg",79.07460573666386,29.497737556561084,355.81042284081286,312.2443438914027,"brandnetel"
"geheel1_g.jpg",164.29007633587784,382.15384615384613,2924.4325699745546,2090.7692307692305,"brandnetel"
"geheel2_g.jpg",1604.2843059098639,1123.1595022624433,2832.457775297619,2738.7386877828053,"brandnetel"
"geneeskrachtige_installatie_elytrigia_repens_kweekgras_59441077.jpg",133.4691592835131,0,588.1609928736518,1032.3529411764707,"kweekgras"
"geneeskrachtige_installatie_elytrigia_repens_kweekgras_59510499.jpg",21.63556914483821,58.82352941176471,853.0300221494607,1152.9411764705883,"kweekgras"
"geneeskrachtige_installatie_elytrigia_repens_kweekgras_59516878.jpg",0,0,808.8851839368259,1175,"kweekgras"
"geheel3_g.jpg",639.2488242056857,561.2273755656109,1919,1837.6187782805432,"brandnetel"
"geheel4_g.jpg",1149.050703898515,764.6029411764706,2124.459119740099,1587.6617647058824,"brandnetel"
"green_grass_isolated_on_white_background_picture_id484745863.jpg",56.55284032753326,30.081447963800905,553.2938843398158,538.3325791855203,"kweekgras"
"geneeskrachtige_installatie_elytrigia_repens_kweekgras_59519258.jpg",25.597464671654198,138.28054298642533,1260.7595594347465,773.5067873303167,"kweekgras"
"grote_brandnetel_1.jpg",426.59033078880407,336.65158371040724,741.4334181509754,1045.2488687782807,"brandnetel"
"grote_brandnetel11.jpg",28.188667232597624,87.55656108597285,552.8066638370119,855.2036199095022,"brandnetel"
"haagwinde_012.jpg",223.1064150943396,160.7058823529412,570.1071698113208,553.9717194570136,"haagwinde"
"gusto_brandnetel_thee_60_gram.jpg",20.760550719152157,52.31674208144796,729.0535105980318,463.61538461538464,"brandnetel"
"haagwinde_013.jpg",231.97885267520724,65.16855203619909,432.054210625471,267.07805429864254,"haagwinde"
"haagwinde_015.jpg",189.6386768447837,53.86425339366516,828.0101781170483,715.0045248868779,"haagwinde"
"haagwinde_014.jpg",378.95927601809956,63.34841628959276,1150.4524886877828,2000,"haagwinde"
"haagwinde_018.jpg",273.22720694645443,61.795366795366796,795.6005788712012,720,"haagwinde"
"haagwinde_016.jpg",198.32061068702288,70.04524886877827,612.5021204410517,440.36199095022624,"haagwinde"
"haagwinde_020.jpg",168.04324324324324,91.72398190045249,642.4833976833977,498.156108597285,"haagwinde"
"haagwinde_019.jpg",26.597084980237156,33.1210407239819,1720.0901679841897,1323.0984162895927,"haagwinde"
"haagwinde_017.jpg",275.5656108597285,84.84162895927602,779.8642533936652,542.3076923076924,"haagwinde"
"haagwinde_023.jpeg",106.22456669178598,191.33031674208146,325.37754333082137,561.6470588235294,"haagwinde"
"haagwinde_023.jpeg",542.2155237377543,146.58371040723983,952.7415222305954,636.4819004524887,"haagwinde"
"haagwinde_024.jpg",140.83710407239818,95.87104072398189,709.2760180995474,542.1380090497737,"haagwinde"
"haagwinde_021.jpeg",246.66767143933686,40.11764705882353,833.9050489826677,627.2239819004525,"haagwinde"
"haagwinde_022.jpg",354.9792921686747,172.6346153846154,931.4853162650602,742.0576923076923,"haagwinde"
"haagwinde_025.jpg",388.3068017366136,97.64116795366796,658.4659913169319,309.9577702702703,"haagwinde"
"haagwinde_025.jpg",522.2575976845152,54.726110038610045,951.2011577424023,514.980694980695,"haagwinde"
"haagwinde_027.jpg",154.75113122171945,51.58371040723982,936.6515837104072,682.3529411764705,"haagwinde"
"haagwinde_029.jpg",190.89366515837105,149.3212669683258,1651.866515837104,1421.945701357466,"haagwinde"
"haagwinde_031.jpg",1.153846153846154,41.53846153846154,289.2307692307692,310,"haagwinde"
"haagwinde_035.jpg",12.503617945007235,21.631274131274132,565.4413892908827,326.49613899613905,"haagwinde"
"haagwinde_034.jpg",204.42041595925295,38.94570135746606,1199.1233022071306,1252.4117647058822,"haagwinde"
"haagwinde_033.jpg",877.3876166242578,499.33031674208144,2515.874469889737,1672.3981900452486,"haagwinde"
"haagwinde_038.jpg",40.38461538461539,42.69230769230769,265.7692307692308,285.7692307692308,"haagwinde"
"haagwinde_037.jpg",210.88567293777135,187.30393339768338,591.6121562952244,550,"haagwinde"
"haagwinde_036.jpg",343.7217832957111,23.47058823529412,1126.5660270880362,777.237556561086,"haagwinde"
"haagwinde_039.jpg",234.86953654860588,58.76470588235294,646.3239449886963,463.3371040723982,"haagwinde"
"haagwinde_041.jpg",38.009049773755656,39.366515837104075,555.8823529411766,583.0316742081449,"haagwinde"
"haagwinde_042.jpg",12.129464285714286,67.87330316742081,798.0000000000001,1083.2579185520362,"haagwinde"
"haagwinde_043.jpg",475.6679389312977,199.54751131221718,743.352417302799,629.1855203619909,"haagwinde"
"haagwinde_045.jpg",184.86368778280539,585.4072398190045,1000.5791855203619,2148.1900452488685,"haagwinde"
"haagwinde_044.jpg",473.24905303030306,528.3461538461539,1970.329861111111,1615.7307692307695,"haagwinde"
"haagwinde_047.jpg",400.3498727735369,145.58823529411762,959.1284987277354,683.1447963800904,"haagwinde"
"haagwinde_049.jpg",182.91924528301885,74.17194570135747,832.8694339622641,547.0180995475114,"haagwinde"
"haagwinde_048.jpg",34.41738884702336,23.355203619909503,712.6389412207989,644.9049773755656,"haagwinde"
"haagwinde_046.jpg",20.37626628075253,39.23745173745174,626.1070911722143,288.503861003861,"haagwinde"
"haagwinde_050.jpg",274.2081447963801,112.66968325791856,651.5837104072398,536.8778280542987,"haagwinde"
"haagwinde_054.jpg",102.5692969413764,34.90723981900452,290.55570305862364,264.4773755656108,"haagwinde"
"haagwinde_056.jpg",118.41899915182358,9.55656108597285,795.0059372349449,701.10407239819,"haagwinde"
"haagwinde_053.jpg",135.89482612383375,185.15837104072398,555.5046649703138,422.4434389140271,"haagwinde"
"haagwinde_051.jpg",232.19774590163934,31.81108597285068,488.8296385991058,290.99321266968326,"haagwinde"
"haagwinde_052.jpg",121.56295224312589,22.315395752895753,916.9319826338639,513.1455115830116,"haagwinde"
"haagwinde_057.jpg",34.841628959276015,31.447963800904976,151.35746606334843,137.78280542986425,"haagwinde"
"haagwinde_062.JPG",95.51367684478372,49.00452488687783,297.92249787955893,217.61877828054298,"haagwinde"
"haagwinde_059.jpeg",18.98697539797395,16.694520449308754,598.3212735166426,381.6438292050691,"haagwinde"
"haagwinde_060.JPG",127.7523324851569,155.2941176470588,572.8753180661577,358.3710407239819,"haagwinde"
"haagwinde_058.jpg",130.69683257918552,66.13574660633485,973.6651583710408,740.0904977375566,"haagwinde"
"haagwinde_067.jpg",92.63461640492359,11.968325791855204,551.0836826188455,416.289592760181,"haagwinde"
"haagwinde_064.jpg",324.3471698113207,231.7873303167421,701.4883018867924,611.14592760181,"haagwinde"
"haagwinde_066.jpg",369.4036869826938,180.54298642533936,800,444.1357466063348,"haagwinde"
"haagwinde_063.JPG",425,320.36199095022624,683.5241730279898,534.1628959276018,"haagwinde"
"haagwinde_063.JPG",62.659033078880405,78.73303167420815,586.492790500424,310.18099547511315,"haagwinde"
"haagwinde_068.jpg",130.11291348600508,77.63009049773756,242.83555979643765,179.18552036199094,"haagwinde"
"haagwinde_069.JPG",3.5333212209302323,0,479,894.950226244344,"haagwinde"
"haagwinde_070.jpg",300.6787330316742,134.38914027149323,702.4886877828054,572.1719457013575,"haagwinde"
"haagwinde_072.jpg",533.4876833862014,153.0712669683258,1042.9404986122127,564.8823529411766,"haagwinde"
"haagwinde_071.jpg",71.24003267973856,348.38009049773757,2713.9276143790853,2903.1674208144796,"haagwinde"
"haagwinde_075.jpg",23.275785229202036,36.06108597285068,211.1807088285229,377.0022624434389,"haagwinde"
"haagwinde_074.jpg",18.780601343101345,24.72285067873303,428.7305402930403,425.5486425339367,"haagwinde"
"haagwinde_073.jpg",102.79411764705883,111.17647058823529,534.2647058823529,677.6470588235294,"haagwinde"
"haagwinde_077.jpg",541.6502649507948,136.38009049773757,826.9129447388342,651.6798642533937,"haagwinde"
"haagwinde_076.jpg",1189.0014471780028,1201.2074742268042,2167.2937771345873,2089.2487113402062,"haagwinde"
"haagwinde_078.jpg",21.2637828668363,45.06787330316742,320,184.8868778280543,"haagwinde"
"haagwinde_079.jpg",50.894875659382066,41,488.5738507912585,461.25,"haagwinde"
"haagwinde_081.jpg",345.8015267175573,119.11764705882352,643.7738549618321,474.9434389140271,"haagwinde"
"haagwinde_082.jpg",122.43125904486251,34.442534928656364,326.917510853835,206.74336727110583,"haagwinde"
"haagwinde_080.jpg",62.05499276410998,53.6003861003861,292.67727930535455,152.2876447876448,"haagwinde"
"haagwinde_084.jpg",196.7333836858006,45.30542986425339,328.1533232628399,228.94343891402715,"haagwinde"
"haagwinde_085.jpg",164.44020356234097,158.1447963800905,638.7404580152672,389.59276018099547,"haagwinde"
"haagwinde_083.jpeg",387.10407239819,316.23755656108597,1354.8265460030166,1955.361990950226,"haagwinde"
"haagwinde_088.jpg",73.70952560240964,99.57918552036199,232.68542921686748,282.2816742081448,"haagwinde"
"haagwinde_089.JPG",148.70299258474574,84.28846153846155,568.9996027542372,461.10746606334845,"haagwinde"
"haagwinde_090.jpg",98.41628959276018,154.97737556561086,894.7963800904978,886.8778280542986,"haagwinde"
"haagwinde_092.jpg",134.3921618852459,70.30542986425338,558.9167520491803,468.4898190045248,"haagwinde"
"haagwinde_091.jpeg",417.26887192536043,242.17194570135746,1208.7192536047496,700.4524886877828,"haagwinde"
"haagwinde_095.jpg",50.69207836456559,57.05882352941177,302.2423339011925,506.47058823529414,"haagwinde"
"haagwinde_096.jpg",191.24682472480947,201.92533936651586,464.9132091447925,490.58371040723983,"haagwinde"
"haagwinde_094.jpg",346.4058524173028,189.36651583710406,835.9732824427481,900,"haagwinde"
"haagwinde_093.jpg",119.51131221719459,388.0904977375566,1566.4977375565613,1711.7104072398192,"haagwinde"
"haagwinde_099.jpg",134.69665994052676,76.5972850678733,362.41968457943926,323.45701357466066,"haagwinde"
"haagwinde_101.jpg",116.4027149321267,74.6606334841629,372.96380090497735,305.4298642533937,"haagwinde"
"haagwinde_100.jpg",73.12181663837012,168.32579185520362,300.6260611205433,413.34841628959276,"haagwinde"
"haagwinde_102.jpg",136.150506512301,19.314671814671815,467.7279305354558,296.8436293436294,"haagwinde"
"haagwinde_105.jpg",95.06180037313433,25.757918552036198,317.07672574626866,253.84615384615384,"haagwinde"
"haagwinde_107.jpg",56.07814761215629,24.716336872586872,498.9146164978292,214.58120173745175,"haagwinde"
"haagwinde_108.jpg",155.6615776081425,75.74660633484163,319.73282442748086,289.9547511312217,"haagwinde"
"haagwinde_112.jpg",8.925236553784861,27.48529411764706,300.7081050796813,265.5882352941177,"haagwinde"
"haagwinde_110.jpg",5.953355155482815,45.167420814479634,920.1923076923076,784.5384615384615,"haagwinde"
"haagwinde_120.jpg",62.9812925170068,15.780542986425338,255.17479213907785,292.81674208144796,"haagwinde"
"haagwinde_113.jpg",73.10300106232295,32.57918552036199,492.0104609301228,559.9547511312218,"haagwinde"
"haagwinde_117.jpg",205.9632786195286,201.27601809954754,737.7814604377105,801.8223981900453,"haagwinde"
"haagwinde_121.jpg",43.7557251908397,7.8190045248868785,290.63613231552165,262.5882352941177,"haagwinde"
"haagwinde_122.jpg",177.25863728005868,245.47511312217193,650.9375229105573,684.3891402714933,"haagwinde"
"ingredient_brandnetel%20(1).jpg",116.35361468584406,77.94909502262443,535.7328728236185,529.7511312217194,"brandnetel"
"haagwinde_124.jpg",4.611895161290322,2.658371040723982,560.3660363993025,457.77149321266967,"haagwinde"
"kbrandnetel.jpg",10.406622516556292,8.585972850678733,215.53509933774836,249.27941176470586,"brandnetel"
"ingredient_brandnetel.jpg",118.7743396226415,13.134615384615385,933.337358490566,645.1414027149322,"brandnetel"
"kruid_medisch_kweekgras_89469416.jpg",0,154.41176470588246,590.3282374100719,722.058823529412,"kweekgras"
"k2_items_cache_ad460a929701e2b31a2151eac1f9ac42_XL.jpg",67.8515625,77.94117647058823,844.8515625,1169.1176470588236,"kweekgras"
"kweekgras_76330407.jpg",523.8137755102041,119.9027149321267,1240.1403061224491,783.081447963801,"kweekgras"
"kweekgras_20(1).jpg",11.561949823943662,57.05429864253394,598.3577244718309,440.0576923076923,"kweekgras"
"kweekgras.jpg",109.26829915134371,68.50113122171946,881.0000000000001,859.3778280542987,"kweekgras"
"kweekgras_1.png",276.6672254819782,78.13235294117646,727.2958927074602,504.85520361990945,"kweekgras"
"kweekgras_2.png",60.278438030560274,29.53846153846154,1024,1103.3484162895927,"kweekgras"
"kweekgras_met_dauw_76334297.jpg",13.212669683257918,10.85972850678733,226.7873303167421,151.85520361990947,"kweekgras"
"kweekgras_92593989.jpg",407.45082223147375,14.073529411764705,982.2218463780182,819.512443438914,"kweekgras"
"kweekgras_97196258.jpg",77.30927352206494,17.32126696832579,1162.9878746877603,846.576923076923,"kweekgras"
"kweekgras_het_groeien_67425487.jpg",35.52161069651741,28.02941176470588,1188.9212790215588,796.6821266968325,"kweekgras"
"kweekgras_met_dauw_en_wortel_76335621.jpg",119.52409450457951,111.50565610859728,1235.5107722731057,826.0079185520361,"kweekgras"